user_type,f0_
Customer,33.259891316100472
Subscriber,11.138947621079945
