usertype,f0_
Subscriber,1981.5537220625338
Customer,1989.4465617232722
